{
  "IcoMoonType": "selection",
  "icons": [
    {
      "icon": {
        "paths": [
          "M512 512c94.293 0 170.667-76.373 170.667-170.667s-76.373-170.667-170.667-170.667c-94.293 0-170.667 76.373-170.667 170.667s76.373 170.667 170.667 170.667zM512 597.333c-113.92 0-341.333 57.173-341.333 170.667v42.667c0 23.467 19.2 42.667 42.667 42.667h597.333c23.467 0 42.667-19.2 42.667-42.667v-42.667c0-113.493-227.413-170.667-341.333-170.667z"
        ],
        "attrs": [
          {
            "fill": "rgb(155, 164, 181)"
          }
        ],
        "isMulticolor": false,
        "isMulticolor2": false,
        "grid": 0,
        "tags": [
          "person-black-18dp 1"
        ]
      },
      "attrs": [
        {
          "fill": "rgb(155, 164, 181)"
        }
      ],
      "properties": {
        "order": 112,
        "id": 1,
        "name": "person-black-18dp-1",
        "prevSize": 32
      },
      "setIdx": 0,
      "setId": 21,
      "iconIdx": 0
    },
    {
      "icon": {
        "paths": [
          "M651.594 591.576l-81.334-8.954c-19.533-2.162-38.745 4.324-52.514 17.601l-58.918 56.815c-90.618-44.464-164.906-115.79-211.016-203.481l59.238-57.123c13.769-13.277 20.493-31.804 18.252-50.639l-9.286-77.81c-3.843-31.186-31.060-54.653-63.721-54.653h-55.396c-36.183 0-66.282 29.025-64.041 63.916 16.971 263.691 235.671 474.27 508.808 490.637 36.181 2.162 66.281-26.863 66.281-61.753v-53.419c0.319-31.186-24.013-57.429-56.354-61.138z"
        ],
        "attrs": [
          {
            "fill": "rgb(155, 164, 181)"
          }
        ],
        "width": 796,
        "isMulticolor": false,
        "isMulticolor2": false,
        "grid": 0,
        "tags": [
          "phone-black-18dp 2"
        ]
      },
      "attrs": [
        {
          "fill": "rgb(155, 164, 181)"
        }
      ],
      "properties": {
        "order": 113,
        "id": 0,
        "name": "phone-black-18dp-2",
        "prevSize": 32
      },
      "setIdx": 0,
      "setId": 21,
      "iconIdx": 1
    }
  ],
  "height": 1024,
  "preferences": {
    "showGlyphs": true,
    "showQuickUse": true,
    "showQuickUse2": true,
    "showSVGs": true,
    "fontPref": {
      "prefix": "icon-",
      "metadata": {
        "fontFamily": "icomoon"
      },
      "metrics": {
        "emSize": 1024,
        "baseline": 6.25,
        "whitespace": 50
      },
      "embed": false
    },
    "imagePref": {
      "prefix": "icon-",
      "png": true,
      "useClassSelector": true,
      "color": 0,
      "bgColor": 16777215,
      "classSelector": ".icon",
      "name": "icomoon",
      "autoHost": true,
      "height": 32,
      "columns": 16,
      "margin": 16
    },
    "historySize": 50,
    "showCodes": true,
    "gridSize": 16,
    "quickUsageToken": {
      "UntitledProject": "NmEyYjgyYjAyMjA2NjEyZjE5MjdjYzIwNDdiM2I0ZGEjMSMxNjc1NzkwOTY4IyMjNzljMjUzYmI4MWU5"
    }
  }
}